created_at,favorite_count,retweet_count,text
2021-08-20 23:06:28,3042,203,A little part of me dies inside any time I see a product roadmap measured in quarters. My usual response is can we convert those to weeks.
2021-08-20 21:21:15,257,40,We're scaling our protocol developer grants! Please apply here: https://t.co/hSn1J1Trlu
2021-08-20 15:54:37,498,85,"More details about this here: https://t.co/uv2kIyi6Gx

What's cool is that our investment allocation will be driven by our customers: matching our custodial crypto balances. https://t.co/GNDI1111Np"
2021-08-19 23:05:06,418,20,Self-custodial.
2021-08-19 23:04:51,1104,133,The Coinbase Wallet chrome extension is coming along really nicely. https://t.co/sLSJEy3Mr0
2021-08-19 22:51:36,3230,158,Hopefully over time we can operate more of our business in crypto - today it is still a mix.
2021-08-19 22:50:33,33891,6065,We recently received board approval to purchase over $500M of crypto on our balance sheet to add to our existing holdings. And we'll be investing 10% of all profit going forward in crypto. I expect this percentage to keep growing over time as the cryptoeconomy matures.
2021-08-19 20:30:24,204,39,Impressive demo https://t.co/UMXcJ7b6RC
2021-08-19 14:11:58,325,39,So true https://t.co/EThNIknq8L
2021-08-19 12:01:05,92,6,"Often times the real story can only be told by insiders, because they‚Äôre the only ones who know what happened.

Maybe we‚Äôll see a book on how Coinbase works at some point!"
2021-08-19 11:59:05,64,3,"Unfortunately a lot of narratives told by outsiders are wildly inaccurate or, worse, reveal their own biases, such as a goal to tear down the company as a marketing tactic for their book."
2021-08-19 11:54:36,43,3,"Coinbase already implements a number of these processes. Others we need to recommit to.

What‚Äôs great about this book is it is a list of best practices told by insiders, instead of trying to tell the history of the company from an outsiders POV."
2021-08-19 11:51:56,262,31,"Enjoyed this book, worth reading!

Working Backwards: Insights, Stories, and Secrets from Inside Amazon https://t.co/jFCAMzCXbO"
2021-08-18 23:23:40,199,18,Awesome! https://t.co/RJemZ6khcW
2021-08-18 22:58:06,274,23,Live right meow! https://t.co/nu0pzpHVXB
2021-08-18 13:51:49,252,27,"Meanwhile China is making great progress on their CBDC. The U.S. government should rely on the private industry to produce the solutions here, while it sets the regulatory frameworks. The U.S. already has a number of private industry solutions, just needs to embrace them."
2021-08-18 13:49:43,353,45,"Diem was really trying to do a good thing - whether it would work or not who knows - but at least they were trying. It's a shame they got so much push back from the U.S. government, which I viewed as short sighted. https://t.co/ibgbHMSF6U"
2021-08-11 22:05:30,709,141,"""temporarily"" https://t.co/UUJMKOyWZ3"
2021-08-11 20:00:50,195,25,"This is really cool https://t.co/6ybPKqxKry

so many hours wasted setting up dev environments, dealing with poorly maintained scripts, or small compatibility differences (hardware, software, etc)

nice efficiency win"
2021-08-11 12:55:31,663,99,Spot on as usual from @fredwilson üëå https://t.co/OgWxCj5WSn
2021-08-10 20:47:17,442,36,"12/ We are also backers of @crypto_council which is just getting started, and will be an important resource. Follow them for future updates. There are still opportunities to mitigate this issue in the infrastructure bill, and we are just getting started."
2021-08-10 20:45:53,449,37,"11/ At @Coinbase, we will do everything we can to help you ‚Äì and our 60+ million users ‚Äì be heard, and to ensure that government decisions globally are made in a thoughtful way."
2021-08-10 20:45:29,460,45,10/ The biggest lesson of this has been that the crypto community is now an incredibly powerful constituent. Almost 80k of you contacted your senators urging them to do the right thing. Everyone in this country who sees the promise of crypto needs to stay engaged and be heard.
2021-08-10 20:45:14,423,44,"9/ We need to double down on educating our government on the promise of crypto. We welcome sensible and thoughtful regulation, but it can‚Äôt come at the expense of US innovation, US competitiveness, and US leadership in technology."
2021-08-10 20:45:02,381,37,"8/ There is an important lesson here for the crypto community: unfamiliarity with and suspicion of innovation, even among a few policymakers, can be extremely dangerous."
2021-08-10 20:44:49,486,51,7/ Someone who uses crypto to buy a cup of coffee or send money to their family should not be automatically subject to surveillance and reporting to the government beyond what we see in traditional financial services.
2021-08-10 20:44:38,335,31,"6/ There is much more work to be done in ensuring the implementation of Treasury‚Äôs new authority does not lead to abuse, particularly around protecting privacy. I know Senator @ronwyden is focused on this, as are we."
2021-08-10 20:44:17,384,39,"5/  Our goal here is simply parity with traditional finance. We should ensure that true brokers report tax info, but every other crypto ecosystem participant (of which there are many, with new ones being created all the time) are not penalized."
2021-08-10 20:44:10,434,38,"4/ Our work with policymakers will continue going forward. There is no question that tax reporting is enormously important, but nonsensical rules that are impossible to comply with don‚Äôt advance that goal."
2021-08-10 20:44:01,476,45,"3/ Sens. @SenLummis &amp; @sentoomey deserve special thanks for their leadership too, finding common ground with @UStreasury, @SenatorSinema, @senrobportman &amp; @MarkWarner on the crypto tax reporting language. This agreement should play a central role in Treasury‚Äôs implementation."
2021-08-10 20:43:51,598,50,"2/ Senator @RonWyden has been a stalwart in advancing sound tech policy, and he deserves enormous thanks and praise from the American people for his leadership and resolve in pushing for sensible crypto provisions in the infrastructure bill."
2021-08-10 20:43:44,4798,626,"1/ While the damaging language in the infrastructure bill remains, we all owe Sens. @RonWyden @SenLummis and @sentoomey enormous thanks for their work trying to protect innovation and the future of crypto in the United States."
2021-08-09 11:22:08,685,47,"By one measure it is getting harder and harder to get hired at Coinbase:

Applicants per hire 2019/2020/2021 =&gt; 108/133/150"
2021-08-06 20:41:13,6795,1925,"10/ Contact your Senators and urge them to vote for the Wyden-Lummis-Toomey amendment and vote NO on the Warner-Portman amendment. Let‚Äôs keep crypto alive and thriving, we‚Äôre just getting started. https://t.co/gCPISrQSxQ"
2021-08-06 20:40:34,4089,514,"9/ History will not be kind to any politician who tries to block American's access to new technologies. Americans have a very low tolerance for taking away our rights, and harming economic growth."
2021-08-06 20:39:31,3425,395,8/ This debate in the Senate started because the govt sees the growing crypto industry as a source of tax revenue. We agree everyone must pay their taxes. There is no debate on this topic. But destroying some of the most exciting innovations in the process is unconscionable.
2021-08-06 20:39:18,3676,493,"7/ If the U.S. fails to embrace the innovation happening in crypto, it risks becoming a financial backwater, missing out on one of the fastest growing sectors of the economy. Imagine if we had missed out on the internet, and the largest internet companies had been built overseas."
2021-08-06 20:39:03,3211,364,"6/ Crypto is still in its early stages. Innovators across this country are working to make crypto networks better, enabling new apps like NFTs, smart contracts, and DeFi. These will bring enormous benefits to Americans, and help ensure our place as a financial hub."
2021-08-06 20:38:29,3506,451,"5/ Our Senators are voting tomorrow on the future of innovation in finance and crypto in America. If they choose the Sen.@MarkWarner amendment, we will see future development of blockchain technology move offshore to countries like China that are currently embracing it."
2021-08-06 20:38:13,4118,542,"4/ Imagine if the government decided that iOS is OK but Android isn‚Äôt. And that software developers building on iOS can thrive, but Android is outlawed."
2021-08-06 20:37:57,3475,366,"3/ This is the government trying to pick winners and losers in a nascent industry today, where some new technology is being developed every month. They are guaranteed to get it wrong, by writing in a few exceptions by hand today."
2021-08-06 20:37:32,3383,397,"2/ Senator @MarkWarner has asked for proof of stake validators to comply with the impossible, but not proof of work miners. Why? It‚Äôs not clear, but we could find ourselves with the Senate deciding which types of crypto will survive government regulation."
2021-08-06 20:37:13,22832,5863,1/ There are a few key moments that define our future. One is happening now in the Senate w/ the infrastructure bill. At the 11th hour @MarkWarner has proposed an amendment that would decide which foundational technologies are OK and which are not in crypto. This is disastrous.
2021-08-06 18:21:34,348,19,I don't believe she is anti-crypto.
2021-08-06 18:21:06,630,86,"They are using @SenatorSinema's name as the third person in support of this, but we're hearing behind the scenes that she has asked to have her name taken off the list.

She should come out and say this publicly, or she'll wind up associated with this anti-crypto move."
2021-08-06 18:16:50,691,120,"The number of crypto holders in the U.S. is somewhere between 10 and 50 million. This is becoming a very powerful constituent.

It's surprising to me that Senators like @RobPortman and @MarkWarner are willing to go against this many Americans."
2021-08-06 18:13:38,2263,313,Just called - was pretty quick and painless. https://t.co/ARGqJ10kn8
2021-08-04 22:14:58,2099,765,"10/ We also need to ask all senators to remove the language requiring sweeping surveillance of crypto holders.

You can use this tool to contact your senators. Thank you! https://t.co/BxkE98QeTp"
2021-08-04 22:14:50,1157,310,"9/ This will not happen without your elected reps hearing from you. Please contact your senators and ask them to support the amendment to the infrastructure bill proposed by @RonWyden, @SenToomey and @SenLummis (which gets us part way there by narrowing the definition of broker)."
2021-08-04 22:11:47,929,90,8/ Policymakers play a critical role in ensuring that tech innovation can flourish in the United States. I hope that they keep this in mind and don‚Äôt impose draconian burdens on an industry that will play a major role in the innovative future of our country.
2021-08-04 22:10:57,1261,132,7/ All we ask for is an even playing field with traditional finance that doesn't penalize cryptocurrency unfairly.
2021-08-04 22:10:45,1078,199,6/ The infrastructure bill also imposes sweeping and unprecedented reporting requirements that will force exchanges like Coinbase and others to surveil its customer‚Äôs transactions in a way that is more intrusive than the rest of traditional finance (Link: https://t.co/erninsSl0L)
2021-08-04 22:10:27,1286,134,"5/ Fortunately senators @RonWyden, @SenToomey, @SenLummis have an amendment that narrows the definition to intermediaries like @coinbase, who actually have the capacity to report, just like in the traditional financial system. (Link: https://t.co/h2MqMt7Fsf)"
2021-08-04 22:10:14,1012,105,"4/ This makes no sense. Smart contracts, for instance, are not companies, and cannot be modified to collect KYC info or issue 1099s. They are simply software running on the blockchain that anyone can use."
2021-08-04 22:09:56,831,85,"3/ But the bill defines ‚Äúbrokers‚Äù to include anyone who ‚Äúeffectuates transfers of digital assets.‚Äù This means almost anyone in the crypto ecosystem (miners, validators, smart contracts, open source developers etc) could be treated as a ‚Äúbroker‚Äù with massive reporting obligations."
2021-08-04 22:09:21,784,79,"2/ Coinbase is happy to help customers fulfill tax obligations just like the rest of the financial services industry. We've been doing this for years, and issuing more 1099s is a great idea.  https://t.co/CFagI7nnbm"
2021-08-04 22:09:14,4523,1262,"1/ If you‚Äôve been following threads on the Infrastructure bill, you know that there is a hastily conceived provision related to digital assets. This provision could have a profound negative impact on crypto in the US and unintentionally push more innovation offshore."
2021-08-03 21:48:04,428,130,"""a Disaster for Digital Privacy""

https://t.co/erninsSl0L"
2021-08-03 21:46:25,166,23,"Thank you @fredwilson ! https://t.co/PLFcrLsgZX

Important we get this fixed."
2021-08-02 20:18:46,297,69,https://t.co/ryzE3unQ8C
2021-08-01 22:15:26,160,17,Agreed!! https://t.co/cJSxaI5g7d
2021-07-25 13:42:27,201,14,If you can‚Äôt keep these alive as pets you‚Äôre in trouble.
2021-07-25 13:40:15,525,121,"Tardigrades (water bears) are amazingly tough. Can survive temperatures of -458 F to +300 F, go 30 years without food/water, have lived at the top of the Himalayas, bottom of ocean, in outer space, and survived all 5 major extinction events on earth.

https://t.co/npCLZ2EfTi"
2021-07-15 19:33:26,533,82,"9/ Crypto is simply providing an alternative for people who want more freedom. Everyone can make their own choice, and that is probably a good thing."
2021-07-15 19:33:09,298,22,"8/ Ultimately, everyone can choose the system that works best for them. For people who want more ""controls"" in place around their financial life, the fiat system is already there."
2021-07-15 19:29:50,434,62,"7/ Crypto is not going to solve wealth inequality - it's not trying to create the same outcome for everyone. But it does create wealth mobility and more equality of opportunity for everyone. It levels the playing field, at least to some degree."
2021-07-15 19:28:45,303,18,"6/ This is part of why Bitcoin has made so many people wealthy. It was not a security, so regular people could invest early on."
2021-07-15 19:28:29,380,41,"5/ Accredited investor laws are a good example. They were created with the best of intentions, to protect regular people from scams - a noble idea. But what has been the actual result? They've often made it illegal to get rich via investment, unless you're already rich."
2021-07-15 19:27:56,271,23,"4/ Check the countries of the world, and ask yourself if you'd rather live with more economic freedom or less. https://t.co/za9zmsisO8"
2021-07-15 19:27:22,329,35,"3/ You have to remember, free markets are messy. A lot of bad ideas need to get tried to find breakthroughs. People need to make their own choices. But history shows that they lead to better outcomes for everyone, even the poorest 10%. https://t.co/DuTOX0JIqH"
2021-07-15 19:26:55,443,46,"2/ If you believe government solutions are often inefficient, overpromise/underdeliver, and come with unintended consequences, and that personal responsibility mixed with free markets will create better outcomes for everyone, then crypto is a much needed breath of fresh air."
2021-07-15 19:25:07,1178,208,"1/ All depends on your perspective...if you believe the government should be the solution to people's problems, then the fiat system with its ""controls"" has a lot to offer. https://t.co/JCwhQW9nLT"
2021-07-05 18:46:52,176,75,Awesome physics game/sim https://t.co/vNpd2LcX9o
2021-07-02 18:22:28,74,7,Interesting to see that this advice generalizes across fields.
2021-07-02 18:22:14,150,16,"A lot of startup advice falls into this category: if you're not embarrassed by your first launch you waited too long.

And ""move fast and break things"" was probably one of the most effective company values of all time (despite all the 20/20 hindsight criticism)."
2021-07-02 18:20:39,64,6,Another great take on the same concept https://t.co/uOFE4dPCaN
2021-07-02 18:20:18,641,113,"Wonderful parable about quantity over quality when trying something new.

https://t.co/SQS67jVHxm

It's not that quantity is the goal - it's that it actually produces higher quality to iterate fast."
2021-07-02 18:08:36,5899,1139,"Coinbase is building out an office in India! üáÆüá≥ Amazing team already in place - come join us.

https://t.co/yCaJk681pZ"
2021-07-01 07:37:43,196,26,Great use of GPT-3! Very cool https://t.co/ain9grD02R
2021-06-30 16:57:54,161,23,"...some will embrace change (Wyoming) and benefit from growth/innovation, some will resist out of fear and miss an opportunity."
2021-06-30 16:55:31,821,142,"https://t.co/9nug4K1utB

Exciting to see more DAOs getting created. I think of DAOs as sort of the default entity in the cloud - similar to Delaware C-corps in the U.S. Will be interesting to see how meat space adapts to these new entities..."
2021-06-29 18:59:13,898,156,We are embracing decentralization at Coinbase https://t.co/R1Xi3BVniX
2021-06-29 18:14:28,4188,567,"Really enjoyed this @lexfridman with @IOHK_Charles

We could use lots of more collaboration, less tribalism in crypto. (one of many great points in it)

https://t.co/mVnfLMwyqe"
2021-06-28 16:56:53,338,43,"6/ We need to do a better job staffing up to engage with all asset issuers in a timely manner, and responding to people promptly through https://t.co/3F7Qz5l1Ds

To that end, let's all keep building üôèüí™"
2021-06-28 16:55:40,251,25,"5/ We're working hard to keep up with the incredible amount of assets being issued, and responding to and interacting with the amazing asset issuers who are doing their own hard work, day and night, to build the future of this industry."
2021-06-28 16:54:01,358,35,"4/ But in general, one should not take being listed on Coinbase as an endorsement of that asset (outside of meeting our minimum standards). Do your own research and exercise good judgment."
2021-06-28 16:53:46,292,20,"3/ We will provide tools over time to give customers ratings/reviews of assets, so they can make even more informed decisions, and share their views with the community."
2021-06-28 16:53:28,407,32,"2/ Outside of our listing standards (for safety/legality), we don't offer an opinion on the value of each asset. We are asset agnostic, because we believe in free markets and that consumers should have choice in the cryptoeconomy. This is how we'll have the most innovation."
2021-06-28 16:52:35,2144,280,1/ Reminder about how Coinbase lists assets: our goal is to list *every* asset where it is legal to do so.
2021-06-23 19:01:50,103,22,"Had never read this:
https://t.co/znhrGhZQLl
https://t.co/VgowRRnSD6"
2021-06-23 19:01:28,323,45,Great interview https://t.co/z8zcHrBaem
2021-06-18 18:20:56,45,7,@balajis https://t.co/FvfD4YPNto
2021-06-16 18:21:55,5,0,"@JvNixon @ResearchHub I'm not sure I know exactly what polymath style research projects would be - but yes, the goal is to enable research to be conducted on the site directly. Collaborative Jupyter notebooks are interesting, for instance..."
2021-06-16 18:10:51,8,0,@JvNixon Great tweet storm! See @ResearchHub who is working on this idea.
2021-06-15 22:02:42,116,4,Well said @SenToomey
2021-06-15 22:01:55,388,86,"""A proposed Financial Crimes Enforcement Network (FinCEN) counterparty rule would impose a heavy burden on cryptocurrency firms but may not actually combat illicit activity, Sen. Pat Toomey (R-Pa.) wrote in a letter to Treasury Secretary Janet Yellen.""

https://t.co/qYPmUNZBcx"
2021-06-15 21:46:26,100,18,"Thank you @patrickc @tylercowen and @pdhsu 
https://t.co/UubLvpt1AK

Also Future, is a great example of a technologically progressive media company telling these stories."
2021-06-15 04:18:10,184,34,https://t.co/bUGRRvT0fg
2021-06-15 00:38:55,1084,141,"Just setting up my bitclout üíéüôå

https://t.co/0BmvSJT90O"
2021-06-14 20:58:28,183,25,"Nice to see the mission-focused idea getting traction. For any CEOs considering it, I can tell you life is much better on the other side (even if the change itself is painful).

https://t.co/OU0rELYqwS"
2021-06-14 02:01:21,534,97,üëå https://t.co/meWXnfLEXA
2021-06-14 01:11:55,264,45,"Great read üëå
https://t.co/MVWWBnShYI"
2021-06-13 23:51:49,348,34,Well said https://t.co/E6hmwGHlhK
2021-06-13 04:14:16,744,92,"Another great talk from @balajis (from 2019), ahead of its time

https://t.co/636LUJ6MHO"
2021-06-10 02:27:51,1020,112,Pretty incredible moment! Exciting https://t.co/v9xIe9V8nZ https://t.co/3NjEWSdOgD
2021-06-09 23:30:57,259,24,"The latest iteration of our culture doc is now live @coinbase https://t.co/IdMwhOg4dI

Previously we had separate values and a culture doc. We've consolidated it into one, and made it more concise. Important to get hiring and promos right as we keep growing quickly!"
2021-06-04 21:51:07,1021,139,"Excited to see crypto forward Miami Mayor @FrancisSuarez accepting crypto donations.
https://t.co/oqkkqykcof

I suspect this will be a trend for many more politicians to raise money."
2021-06-04 18:18:38,208,22,"Science fiction is at its best when it explores the frontier of what is actually possible in the coming years with science/tech (without this tether to reality, it becomes fantasy), and inspires us to think bigger/be more optimistic about what we can all do."
2021-06-04 18:12:25,770,54,Best sci fi book i've read in a long long time. Has lots of real science/engineering in it. Incredible read. https://t.co/SyJWetPrnZ
2021-06-04 18:06:36,158,11,Well said https://t.co/SNjZ5p7eCs
2021-06-03 23:00:39,2412,600,https://t.co/3tKHpK6WiX https://t.co/j2tFYLWqSA
2021-05-26 21:54:32,1180,244,https://t.co/kfwro8UXLV
2021-05-26 03:15:31,725,119,"Exciting launch of our Prime Brokerage, and separating out Coinbase Exchange https://t.co/0FgcQ7Y8eI

Part of the successful integration of the Tagomi acquisition we did. Better product integration and market structure. A ton of hard work by the team to ship this!!"
2021-05-24 20:25:03,135,8,"We'll also be doing an employee match program, on donations to any charities that employees want to support."
2021-05-24 20:24:35,115,5,So the two are very complementary toward achieving our mission as a company.
2021-05-24 20:24:20,41,3,The for-profit work we do is still 99% of our efforts and where the vast majority of our contribution to the world will come from. But some efforts are best done through a non-profit (like giving small amounts of crypto directly to recipients in need all over the world).
2021-05-24 20:23:20,50,1,"1. Projects like @givecrypto 
2. Open source developers working on the underlying blockchains &amp; protocols
3. Training more people to work in the cryptoeconomy"
2021-05-24 20:21:56,88,2,"There was a big push I made for this in 2020, which required full board support (to their credit there was 100% support). We're actually doing 0.1% equity per year for 10 years.

It gives us a ton of resources over time to allocate toward...."
2021-05-24 20:20:36,1183,159,"This didn't get much attention, but I'm proud to say Coinbase is part of Pledge 1%. This means we are allocating 1% of equity, profit, and employee time toward our non-profit foundation. https://t.co/MrdDAKsGLy

1% of equity means this is going to be an enormous foundation..."
2021-05-24 18:03:50,376,38,Welcome @faryarshirzad! We see it as our job to advise and educate the world on the opportunities that the cryptoeconomy is creating around the world. Our door is open. Can start here: https://t.co/sWoozooSJE https://t.co/94eXBUMvt2
2021-05-21 06:27:20,76,16,Original video https://t.co/LcggNnr1Ew
2021-05-21 06:25:49,183,94,"A bunch of people asked us who made the song in our direct listing video. It‚Äôs awesome and the artists name is Ki: Theory. Check him out.

We posted it to our YouTube https://t.co/RXpaMu11nQ"
2021-05-21 05:04:14,659,64,"Really enjoyed this interview with @garrytan üëå covered a wide range of topics

https://t.co/84xunVrphh"
2021-05-19 18:13:38,595,134,"https://t.co/b1aRxprQBN is now fully open source!

Let's keep working to accelerate science. The traditional journal/peer review/static PDF system is in need of a serious upgrade. https://t.co/98hwxVQCaF"
2021-05-18 06:34:33,372,78,https://t.co/TH586vxo16
2021-05-17 20:18:34,284,27,Coinbase Wallet is our self custody app
2021-05-17 20:18:11,1054,119,"Our browser extension for Coinbase Wallet is finally live!

Try it out to more easily access Defi apps and more https://t.co/1SZWXqgy2J https://t.co/VSM6sP6BX2"
2021-05-15 03:59:45,501,67,This was an awesome multi-quarter project that really improved our velocity and developer productivity. Huge respect to the team for seeing it through! https://t.co/akM8kMN8OF
2021-05-15 02:17:36,741,85,"21/ The U.S. is at a critical juncture in making holistic decisions around cryptocurrency. Imagine the U.S. without the internet. If you‚Äôre a policymaker interested in learning more, reach out to: info@cryptoforinnovation.org"
2021-05-15 02:17:01,448,23,20/ former Speaker Paul Ryan @speakerryan https://t.co/lfadbT2nvS
2021-05-15 02:16:40,472,31,19/ Speaker Pelosi @teampelosi https://t.co/dcFAgd0mJt
2021-05-15 02:14:44,287,16,18/ Here are a few fun photos - I only got permission to post a few (there were a lot more meetings where I didn't!). Btw Coinbase is committed to being bipartisan in any policy efforts.
2021-05-15 02:14:23,269,15,"17/ Coinbase stands ready to help as a resource for all those who would like to learn more about crypto, and help drive toward regulatory clarity, and innovation."
2021-05-15 02:14:02,304,24,"16/ Including banking the unbanked (and underbanked), which crypto has the potential to do (especially self-hosted wallets)."
2021-05-15 02:12:34,331,20,"15/ Coinbase provides services to customers in over 100 countries around the world, and we're seeking to speak with policy makers everywhere. But our parent company is based in the U.S. and I'd love to see the U.S. embrace the exciting use cases of this new industry."
2021-05-15 02:11:10,559,98,"14/ I also relayed my thoughts on China and their central bank digital currency. It is real, they are moving quickly on it, and I believe it represents a threat to U.S. reserve currency status long term if the U.S. doesn't move quickly to create their own."
2021-05-15 02:09:24,332,28,"13/ Side note: great example of why government is best suited to set the legal and policy frameworks, but not try to pick winners. The two companies they chose to represent the future of the internet were IBM and another one I haven't heard of!"
2021-05-15 02:09:05,306,17,"12/ Al Gore outlines the government's role to ""first do no harm"", to applause, and sets the stage for a safe industry with appropriate consumer protection. Think about the downstream effects we have today of this signal they sent to the market."
2021-05-15 02:08:45,341,41,11/ Credit to @FEhrsam and @crypto_council for finding this gem - but watch this amazing video of the Al Gore and the Clinton administration announcing the Electronic Commerce Initiative in 1997 https://t.co/Sw0ddoo5c3
2021-05-15 02:08:32,463,39,"10/ Also, a signal from the current administration that crypto companies are welcome in the U.S. would go a long way."
2021-05-15 02:08:12,542,51,"9/ One of my biggest takeaways is that the U.S. could really use a safe harbor/sandbox for crypto startups to get off the ground, before having to grapple with these issues. This would go a long way, and give the SEC/CFTC/Treasury/etc a common framework to follow."
2021-05-15 02:07:41,392,36,"8/ Coinbase is big enough to afford the legal costs, and we‚Äôve proactively created our own self regulatory frameworks when needed (for example https://t.co/9yJot946Jy). Smaller crypto startups are more harmed because they can't always afford it early on."
2021-05-15 02:07:23,372,21,"7/ So it's a bit of a jump ball across existing federal regulators, and this means fewer startups who are able to brave the legal uncertainty. Some of them wind up founding their companies abroad, or not at all. This is a major problem."
2021-05-15 02:06:30,478,49,"6/ There is not a ton of regulatory clarity today in the U.S. because crypto is not just one thing. Some cryptos might be securities (SEC), some are commodities (CFTC), some are currencies/property (Treasury/IRS), and some are none of the above."
2021-05-15 02:06:02,325,14,"5/ The politicians and agency heads I met with were all thoughtful and committed individuals, and I was happy to have our teams connected, and new friendships formed."
2021-05-15 02:05:35,408,25,"4/ The reactions ranged from very positive (those who see enormous potential) like @SenatorSinema and @PatrickMcHenry, to admitted skeptics who asked thoughtful questions about illicit activity and I think left with a much more open mind like @MarkWarner, and everyone in between."
2021-05-15 02:03:31,676,82,"3/ Crypto is as important as the birth of the internet in terms of the jobs, GDP growth, and innovation it can create. The U.S. will need to be a major player in crypto to stay relevant long term."
2021-05-15 02:03:06,497,32,"2/ Goal was to establish relationships and help answer questions about crypto. And to see what we can do to help the U.S. get more regulatory clarity in this space, as part of the newly formed @crypto_council."
2021-05-15 02:02:37,2912,554,"1/ I spent most of this week in DC meeting with members of Congress and heads of various federal agencies, along with @RonConway @katie_haun and @iampaulgrewal."
2021-05-14 18:02:19,1666,89,"This has served us well over the last 9 years, and I expect it will continue to do so over the next 9 years. In terms of long term focus, we are still at the very beginning of this journey. Let's keep building!"
2021-05-14 18:02:13,2720,417,"I like to tell my team: If you can't ignore the hype while things are trending up, then you can't ignore the despair when things are trending down. We need to develop resilience, ignore the noise, and continually make forward progress on our mission."
2021-05-14 18:02:00,1052,66,"It makes no difference to me; we will keep building and moving forward, because I want to see a world with more economic freedom, and this is the best opportunity I see to create it."
2021-05-14 18:01:56,862,78,"Times feel good right now. But when this current cycle ends we may see crypto prices fall, and some people will become disillusioned and walk away from crypto (again)."
2021-05-14 18:01:05,822,54,"Importantly, we had to maintain that same mindset during the periods of excitement around Coinbase and crypto. There are just as many risks to getting caught up in your own hype as there are in giving up when times are tough."
2021-05-14 18:00:49,1268,65,"It was during the company‚Äôs low periods that I worked to find balance and avoid getting distracted. It was only because of perseverance and focus that we made it through those hard periods where we lost many employees, partners, or public support."
2021-05-14 18:00:01,979,42,"It‚Äôs tempting to get caught up in the excitement of the current moment, but the truth is there have been many ups and downs of the 9 years."
2021-05-14 17:59:54,1313,72,"I‚Äôm grateful to see how far crypto has come since Coinbase was founded. Hard to imagine that only 9 years later we would see crypto regularly discussed by Presidents, Saturday Night Live hosts, and Tom Brady. Or that it would show up in songs by Nas."
2021-05-14 17:59:45,18343,2217,"9 years ago today, I founded Coinbase. One of the most important lessons I come back after all this time is long-term focus."
2021-05-12 21:29:45,942,103,"Going all in on remote first. Important to continue being an innovative company, that attracts top talent from everywhere, and can move quick. https://t.co/VOdqKV4CEJ"
2021-05-11 13:51:51,355,45,"Donated! Thank you Mayor @FrancisSuarez for your leadership 

https://t.co/NXpO28KR0o"
2021-05-09 01:39:04,730,150,This new Fact Check section of our blog is proving useful for combatting misinformation. More to come! https://t.co/RBYEPkxuAX
2021-05-08 00:16:39,134,17,"- Intellectual property often delays innovation
- Government regulation, with best of intentions, often ends up harming regulation more than helping it
- Breakthroughs often invented simultaneously in multiple different locations"
2021-05-08 00:16:26,148,18,"Common themes in innovation:

- Breakthroughs derided for years after invention
- Start off looking like toys, barely competitive
- Created by non-establishment figures"
2021-05-08 00:13:32,119,21,Freedom -&gt; Innovation -&gt; Prosperity
2021-05-08 00:13:06,534,73,"Really enjoyed reading this new book from Matt Ridley 

How Innovation Works: And Why It Flourishes in Freedom https://t.co/7HEjerZ6eG"
2021-05-08 00:08:54,402,64,https://t.co/GCJbCblIgC
2021-05-02 01:46:45,524,107,https://t.co/ITP9i1IHb2
2021-04-30 00:36:25,175,25,Great read on hiring üëå https://t.co/MOW5gmt149
2021-04-28 18:50:42,443,65,"Basically this is the plan: https://t.co/FuOzBGJQ4F

startups that make more startups!"
2021-04-28 17:29:48,335,22,"We want Coinbase to be the best company in the world to start a career in crypto, learn entrepreneurship, and help people go start a company some day (internally or externally).

Being around like-minded, brilliant people is a great first step https://t.co/zXG2VooPQS"
2021-04-28 17:27:54,166,2,"If employees want to keep their Coinbase options and salary, they can build these moonshots internally (and we own it). If they want to leave and own it 100% we also celebrate that (and we may help fund it through https://t.co/mXkMO0sLGD)."
2021-04-28 17:25:50,183,11,"The best ideas will come from employees, not me. We've set it up so if you get one senior person to champion it, you're good to go. You don't need a committee to unanimously vote yes. Breakthrough ideas inherently look like bad ideas (contrarian), so this is an important feature."
2021-04-28 17:23:29,767,93,"Excited that we're putting 10% of resources at Coinbase toward moonshots https://t.co/rMvjzmdXMa

We've been doing this for some time. Which has led to https://t.co/Xi0Rvsm8Oe https://t.co/ACJC7dv1Fg https://t.co/dfCLDKMYl9 and others which didn't make it."
2021-04-26 22:16:52,3329,379,"Another mission focused company üëè it takes courage in these times.

https://t.co/Z19jR8IL8k

Who will be next?"
2021-04-23 00:40:35,502,52,"2. The main drawback for most energy consumers is wind/solar are intermittent, but Bitcoin miners don't care about this since they can run any time

Essentially, Bitcoin mining creates a floor on the price of renewables, making them more attractive investments."
2021-04-23 00:40:22,974,162,"Square published this great paper on Bitcoin energy usage.
https://t.co/02Ka8gGpZw
In short:
1. Wind and solar are already cheaper than fossil fuels, making them attractive for Bitcoin miners"
2021-04-22 18:53:21,84,14,"The last two song NFTs are now live!

https://t.co/lnsroD4Dqg

Auction ends in 22 hrs or so. üôè https://t.co/pez3EyzcnU"
2021-04-22 18:45:32,200,23,"Huge flex from @moxie and @signalapp in this post, amazing work! https://t.co/8KSlhZWcSH üí™"
2021-04-21 20:48:24,175,37,"The first NFT song was a success! https://t.co/D6hhAEy7x7

For the last two songs, @davi_us and I are going to try @niftygateway just to understand the difference.

Those two songs will drop tomorrow. (Thursday the 22nd) https://t.co/BbIoxrAlh4 https://t.co/t7R7BlQYxT"
2021-04-18 20:48:59,1144,172,"Thank you @HesterPeirce for championing innovation and growth in America with thoughtful regulation 

https://t.co/zQFNkDSgaE"
2021-04-17 22:50:18,2846,325,Let's get more folks into the cryptoeconomy. https://t.co/fqOICCpVUw
2021-04-15 22:00:57,209,12,"I neglected to mention a number of other very important people at YC - Jessica, Carolynn and Jon Levy (who helped me through some tough situations), Kirsty, Paul Buchheit (who landed some critical advice at the right moment), Harj - and many more.

Such an amazing group really."
2021-04-15 16:10:03,98,7,And media also!
2021-04-15 16:08:31,307,10,"Luckily I had seen other apps which launched on HN get negative comments and go on to be successful, like Dropbox

https://t.co/nFO7TS8OvV

So I knew not to take the negative comments too seriously."
2021-04-15 16:05:33,1243,247,"The wild part is that you never know if you‚Äôre crazy, or everyone else is. The key here is that if your gut tells you there is something interesting, go take some action toward it and see what happens. Only action will produce more information, not endlessly debating it."
2021-04-15 16:01:59,415,28,"Even after five years and many millions of dollars in revenue, I would say still about 50% of people (investors, prospective employees, etc) I spoke to thought it was a bad idea."
2021-04-15 15:58:49,505,50,"...highlights the importance of resilience and ignoring haters when trying to build something new. Nine out of ten people will think it‚Äôs a terrible idea, and be quite articulate explaining why this is to you. This will go on for YEARs."
2021-04-15 15:55:13,1616,235,"Some epic replies to my original HN post looking for a co-founder in 2012.

https://t.co/LqPcOnbRYv

The idea wasn‚Äôt perfect (I misjudged the merchant angle for instance, simple buy/sell turned out to be more lucrative).

But..."
2021-04-14 20:42:14,1820,151,"25/ As the first major crypto company to publicly list, today is a big day for Coinbase and the cryptoeconomy that we‚Äôre a part of. From the bottom of my heart, a huge thank you to all the customers, employees, and investors who helped us get here! https://t.co/YP30NjZb3V"
2021-04-14 20:41:48,733,61,24/ Higher economic freedom correlates with the kind of societies that we all aspire to create. Our job at Coinbase is to help make this future a reality.
2021-04-14 20:41:39,764,100,"23/ Societies with greater economic freedom have higher GDP growth and life expectancy, less war and corruption, better treatment of the environment, and higher income of the poorest 10% of people in society."
2021-04-14 20:41:25,711,88,"22/ Crypto can provide the basics of economic freedom to anyone: property rights, sound money, free trade, and the ability to work how and where they want."
2021-04-14 20:41:12,469,32,"21/ Looking to the future, we've only accomplished a small fraction of what we set out to do as a company."
2021-04-14 20:40:50,810,70,20/ There‚Äôs a saying that the best way to predict the future is to create it. Hopefully we helped make the future happen a little sooner than it otherwise would have in the crypto space.
2021-04-14 20:40:28,560,40,19/ The cryptoeconomy today is nothing like the ecosystem that existed when we launched Coinbase 9 years ago. And it‚Äôs nothing like the ecosystem that will exist 9 years from now.
2021-04-14 20:40:15,483,31,"18/ But we got through it, and it made the company and our platform stronger. We discovered our weaknesses and spent the next year hiring an experienced exec team and rearchitecting all our systems. Things improved, but the job is never done as we keep growing."
2021-04-14 20:40:00,528,34,"17/ This was a tough period for the company and our employees. We weren‚Äôt meeting our customers‚Äô expectations when it came to site reliability or customer support. We knew we needed to do better. Employees were back to sleeping in the office, pulling 100 hour weeks."
2021-04-14 20:39:45,508,30,"16/ But perhaps the most challenging time for Coinbase was in the fall/winter of 2017/18. Fueled by a boom in ICOs, we experienced a surge in trading volumes like nothing we had ever seen before. Virtually overnight, we saw 10x our average volumes."
2021-04-14 20:39:31,510,29,"15/ With a passport and a suitcase, @dwr spent months meeting with regulators and banks throughout the UK and EU until we secured our first banking relationship outside the U.S. His work opened the door for the business we have throughout Europe to this day."
2021-04-14 20:39:16,528,33,"14/ Fast forward a couple of years and a few crypto cycles, and we knew that for Coinbase to achieve what we set out to achieve, we would have to look beyond the US. Crypto is an inherently global innovation. We needed to be too."
2021-04-14 20:38:59,753,47,13/ Our culture was a unique blend. We identified with early cypherpunks but were also willing to do the work necessary to be a regulated financial services company. We‚Äôd go from meeting banks to anarchists in a day. We had to bridge the divide and speak both languages.
2021-04-14 20:38:35,725,47,"12/ The hours were long and the work was hard (employees eating and sleeping in the office was not uncommon), but we made it work because we were all bound by a common mission. Many opted to take part of their salary in Bitcoin, including myself."
2021-04-14 20:37:28,886,65,"11/ Our first office was a small loft in SF‚Äôs SoMa district that we quickly outgrew. We had early employees working in the laundry room (between washing cycles), in the bathroom, and the hallways. Some even camped out on the roof. https://t.co/zsxCgYgQJZ"
2021-04-14 20:35:58,889,63,"10/ After meeting with more than 50 possible partners (it‚Äôs a lot like dating), I met @FEhrsam through Reddit and we set out to build Coinbase. https://t.co/7PVzUEFzYb"
2021-04-14 20:32:42,632,46,"9/ The next decision I had to make probably had the most impact on Coinbase today: my choice of cofounder. I needed someone that I could trust implicitly, balance my strengths and weaknesses, and share my vision for crypto and economic freedom."
2021-04-14 20:32:24,1313,122,8/ Here‚Äôs @paulg helping me practice my first demo day pitch to investors at YCombinator https://t.co/A6LbgYxUb2
2021-04-14 20:23:04,1521,107,"7/ I‚Äôm forever thankful to @paulg, @sama, @garrytan and @ycombinator for giving me a chance and guiding me. Their $150k first check helped me believe in myself and gave me the courage to quit my job and really try building a company. It was the first legitimizer of a crazy idea."
2021-04-14 20:21:47,1603,151,"6/ It‚Äôs hard to overstate how bad of an idea everyone thought Coinbase was. Friends in tech said they didn‚Äôt get it or that it was a scam. I had a lot of self doubt personally, and thought maybe I was crazy for being so interested in it."
2021-04-14 20:21:26,911,67,"5/ After reading it, I started coding an early prototype of Coinbase on nights and weekends, and began attending early bitcoin meetups around the Bay Area. Eventually I was accepted at @YCombinator and got the courage to quit my job @Airbnb to go pursue this crazy idea."
2021-04-14 20:20:08,809,53,"4/ While the Coinbase app has evolved a lot since then (It was first called Bitbank until I learned that ‚Äúbank‚Äù carries a very specific legal, regulatory definition!), the mission is the same: to increase economic freedom in the world."
2021-04-14 20:19:49,1096,131,3/ This has driven me ever since as I believe creating more economic freedom is one of the biggest meta problems of our time. It has so many positive downstream effects in society. https://t.co/DuTOX11jif
2021-04-14 20:19:35,1266,108,"2/ The Coinbase journey started when I read the Satoshi whitepaper while I was home for Thanksgiving in 2010. As I read it, I realized that crypto had the power to unlock a future where economic freedom was a reality for everyone."
2021-04-14 20:18:55,17009,2776,"1/ Today is a big moment for @coinbase as we become a public company. But it‚Äôs also a big one for crypto. This all started with the Bitcoin whitepaper 12 years ago, a deceptively simple 9 page document by Satoshi Nakamoto that ignited a global movement. https://t.co/4pE006XTFP"
2021-04-14 14:35:55,616,114,We'll be going live today around 10am Pacific on the YouTube livestream. Tune in! https://t.co/1O0aVmojdi https://t.co/4cE4qvxfq2
2021-04-13 18:56:39,5960,684,"Tomorrow on @coinbase‚Äôs public listing day, @pmarca will be interviewing myself, Coinbase co-founder @FEhrsam, and Coinbase President &amp; COO @emiliemc on YouTube Live. What questions would you like @pmarca to ask us? Thx!"
2021-04-12 17:42:10,286,52,"Enjoyed reading Loonshots https://t.co/owu1YopWWr

There is a good summary of the book here as well: https://t.co/v8Zr7PzBTM"
2021-04-11 20:58:12,146,14,Great steady progress at https://t.co/BvSrAlSTBw https://t.co/mIItRBa0MV
2021-04-10 21:51:21,1151,125,"Very impressed with latest NeuraLink update, this is a big deal, and the future is going to be very exciting. https://t.co/VdWhyGbyKg"
2021-04-10 19:11:06,91,9,"Ok we‚Äôll end the auction tomorrow at noon Pacific time. (Zora doesn‚Äôt have a count down timer so we choose when to close it.)

Thx for the support!! 

Next two songs coming up soon. https://t.co/vhblywnKDc"
2021-04-09 19:11:25,95,9,"This is all so new - good learning experience for me regardless. We need to keep making crypto easier to use....

Many people probably want to bid with debit card, or don't have a self-custody wallet.

Suggestions?"
2021-04-09 19:10:14,172,17,"No super high bids yet - should I take a hint and stick to my day job?? :)

Turns out being an artist is tough!

Got some reports that people couldn't figure out how to set up wallet on Zora or bid also. Is there a different platform we should try for next songs? https://t.co/XK7DkqkJru"
2021-04-08 18:54:02,305,64,"First #NFT song is live with @davi_US! 

-&gt; https://t.co/D6hhAEPIoF

This song is about how when you try to build something new, there will be many doubters and haters along the way. Ignore them and trust your gut. Determination is key to innovation (with homage to @elonmusk). https://t.co/SvNhqy0nKg"
2021-04-08 18:29:48,164,35,ü§î https://t.co/cUwAgmbgwa
2021-04-08 00:01:34,121,12,Congrats to @noor_siddiqui_ on the launch of @OrchidInc ! Exciting space and first product. https://t.co/Rp7UmTwXk5
2021-04-07 18:08:13,907,146,Excited for this https://t.co/bm4PfVPkYG
2021-04-07 17:59:41,156,13,"7/ The three songs we created together will be released over the coming days as NFTs on https://t.co/Dq6O7b2C6m (a Coinbase Ventures portfolio company btw!).
Follow up tweet coming soon..."
2021-04-07 17:59:28,73,8,6/ You can check out some of David's popular tracks here https://t.co/e0KjheM6Rn
2021-04-07 17:59:17,68,7,"5/ All proceeds from the sale of the NFTs goes to David. The theme of one of the songs is about building great stuff with technology, and never giving up https://t.co/vsMKxwU10J"
2021-04-07 17:59:10,58,3,"4/ We created these songs over the past year as a fun way for me to learn Ableton Live etc. To be clear - 99% of the talent comes from him, but it was fun for me to work on them none the less."
2021-04-07 17:59:04,78,3,"3/ Last year during COVID I decided I wanted to learn a little bit of electronic music composition as a hobby (I do something like this each year), and David was kind enough to take me under his wing and give me some free music lessons."
2021-04-07 17:58:56,149,4,"2/ I listened to a lot of electronic music with no vocals as I was coding up the early versions of Coinbase, and always enjoyed David's music. (no vocals because I couldn't concentrate with other words in my head)"
2021-04-07 17:58:47,1163,106,1/ Over the next few days I'll be releasing some electronic music that I created with DJ DAVI (David Khanjian). We'll be releasing them as NFTs.
2021-04-01 04:27:09,1158,153,".@balajis is one of the most important (and original) thinkers of our time

Incredible podcast üëå

https://t.co/ab1oemJ1b1"
2021-03-30 00:57:34,229,20,4/ Excited to hear ideas! Please contact us here: https://t.co/ifzgkhdHXX
2021-03-30 00:57:13,270,11,"3/ Things that would help: connect us with key decision makers, countries who can help us fast track a license and bank partnership, and help us get crypto into the hands of their citizens through advocacy and marketing"
2021-03-30 00:56:56,321,13,2/ We want to work with tech-forward countries who are pro-crypto and can move fast
2021-03-30 00:56:42,2303,157,1/ What country should Coinbase expand to next?
2021-03-20 23:40:42,279,58,https://t.co/Pf1UMhQLNZ
2021-03-19 22:01:51,75,10,https://t.co/UCspyjDWTt
2021-03-19 19:45:11,571,90,We've posted our investor education videos: https://t.co/0mL2plbMrJ
2021-03-17 17:22:05,179,14,Not sure if any other company has done this as part of going public - may be a first. Good way to have retail investors get access to management. And discuss the real issues in the open.
2021-03-17 17:09:47,558,89,"I'm doing an AMA on Reddit with our CFO in advance of Coinbase's direct listing! We wanted everyone to have access to the management team to get your questions answered.

Please add your questions here before EOD Friday üôè https://t.co/h3Aqa3rPC6 https://t.co/LGYmgBNR3N"
2021-03-15 16:55:57,41,4,@FEhrsam ^
2021-03-15 16:42:44,647,173,Fred Ehrsam wrote this great letter on crypto cycles - something every company and customer in the space should be mindful of as we go through this period. https://t.co/2ub48MxfmS
2021-03-14 02:46:09,926,129,"High chance that VR/AR are the next major computing platform, will be exciting to see it develop https://t.co/iOfllIYPfe"
2021-03-12 04:37:11,225,31,Interesting - wonder if Delaware will follow suit https://t.co/apFaB3H4QP
2021-03-12 04:30:07,77,13,Amazing company and CEO - who should apply for this role? https://t.co/vcKUD5oNZG
2021-03-09 19:18:18,69,12,This is the correct link: https://t.co/5PiaSy3fo3
2021-03-09 19:17:37,26,2,"Meanwhile, I'm glad we have innovation happening here with articles like this from Noah Smith."
2021-03-09 19:16:38,33,6,"Hit pieces may drive clicks, but they are addictive like sugar or instagram likes, should only be used responsibly.

My guess is that all media (new and old) can adapt to this new world, drive new business models, and drive thoughtful stories that help advance society."
2021-03-09 19:13:17,25,0,"Not to mention the inherent conflict, working in an industry that was disrupted by tech. We wouldn't ask Pepsi for an unbiased review of Coke, and we can't ask mainstream media for an unbiased review of tech."
2021-03-09 19:11:22,32,2,"There are so many exciting stories to tell in technology. Mainstream media serves an important function in society holding functions accountable, but when the entire incentive system is build on who can tear something down, there are great stories that will be missed."
2021-03-09 19:07:51,200,33,"One of the best interviews with a CEO I've seen in a long time. https://t.co/3NADRGByzC

And it is showing up on Substack!
Mainstream media is missing out on these stories."
2021-03-08 02:35:46,780,54,"Have been using an @eightsleep mattress for a while, fewer wake ups due to temperature have meant better rest on average. Cool product, and cool to see how sleep technology is evolving.  In the future I‚Äôm imagining we can optimize sleep in all sorts of additional ways."
2021-03-01 18:59:27,54,8,ML seems particularly well suited to problems with a large numbers of variables in a well defined search space.
2021-03-01 18:58:32,201,89,"Machine learning being used to advance the hardware that powers machine learning. It's getting smarter!

Hadn't heard of this application of ML before but it makes sense.

https://t.co/h4pM8O5wne"
2021-02-25 18:56:28,1506,89,"@cz_binance @coinbase Thank you @cz_binance! A class act.

Incredibly impressed with your speed of execution, and hustle. You're an amazing CEO/founder."
2021-02-24 20:26:20,2151,215,https://t.co/K7mkySjgiT
2021-02-24 17:53:38,359,61,Good summary https://t.co/A8MawKpAC5
2021-02-21 19:26:32,273,51,Commenting vs Making https://t.co/lczzWvOUF3
2021-02-18 18:29:58,165,37,Some important lessons on acquiring a company and keeping it independent vs integrating: https://t.co/Ddy3jx4lvQ
2021-02-17 04:59:14,242,61,Beautiful essay from Paul Graham on the journey of exploring what to work on. https://t.co/gm88Vz85Hl
2021-02-16 00:46:42,206,22,Will be on Clubhouse tonight chatting https://t.co/VnUQGOmGQw
2021-02-16 00:43:52,1287,95,Using the day off to do some writing/thinking about the future. Good way to clarify thinking is to force yourself to write something down (concisely/clearly) in a few pages.
2021-02-12 03:32:37,94,2,@CJMcCollum @CoinbasePro Taking a look with @CoinbaseSupport ! Apologies for the trouble
2021-02-10 23:55:43,36,5,"ü§îü§î https://t.co/rOfj6rMOCb
ü§îü§îü§î https://t.co/lF4TxmAknH"
2021-02-10 23:54:38,110,14,ü§î https://t.co/BuCglxNJHj
2021-02-10 18:52:07,189,21,"Thank you @tylercowen for having me on the podcast. Enjoyed the conversation! 

https://t.co/QmqvlMrqjU"
2021-02-10 00:08:31,74,0,"@sadbryce Thank you Bryce! It has been amazing to work with you. Best of luck on your next adventure, and stay in touch üôè"
2021-02-09 18:21:53,982,61,"Pre ordered Starlink.

It‚Äôs amazing how often internet still disconnects in 2021. Redundant connections to every home would increase reliability.

If one power plant goes offline, (at least in theory) your house shouldn‚Äôt lose electricity. Other power plants pick up the slack..."
2021-01-29 19:26:16,1209,77,"@APompliano I don't want people to misunderstand the reason behind this, we are working on scaling https://t.co/KYLMHuPydm"
2021-01-29 18:49:23,374,43,"Organizations (whether companies, non-profits, governments, individuals, etc) hosting the #Bitcoin whitepaper are waving a flag saying: we are technological progressives, committed to building the future through science and technology, working for team human."
2021-01-29 18:46:20,3320,443,"We are now hosting the #Bitcoin whitepaper at https://t.co/ia5WJ1B3CK

This brilliant computer science breakthrough sparked an entire industry that is bringing economic freedom to the world. Read it - even if it you have to read it 30 times to fully understand it like I did."
2021-01-29 18:34:50,257,46,It's time to build! https://t.co/8jjy39j7TU
2021-01-29 15:00:23,579,43,"Thank you @FrancisSuarez for driving crypto adoption in the great city of Miami, and being so positive, welcoming, and focused on the future + economic growth. https://t.co/vYnESuQFHi"
2021-01-28 16:13:02,1395,239,This is awesome to see https://t.co/HOrlzxXKNZ
2021-01-25 17:00:32,77,14,Where will everyone be locating after COVID? Quick survey! https://t.co/2zAIXmLKea
2021-01-20 23:01:06,265,9,@souljaboy Happy to help @coinbase - send me a DM if you'd like to chat üôè
2021-01-19 21:56:38,268,23,Excited to welcome the @BisonTrails team to Coinbase! https://t.co/rZXgPNhj40
2021-01-14 19:11:32,389,47,"I also hope the next administration will hit the reset button on this and engage more thoughtfully with industry.

A great step for now. https://t.co/pB9i0S74Ha"
2021-01-12 01:08:27,74,2,@MMARoasted @CoinbasePro @coinbase @CoinbaseSupport Will have the team take a look - sorry for the trouble!
2021-01-12 00:00:25,388,32,"Would not surprise me if @paradigm was one of the top performing funds of the last few years if not #1. Not just because of recent crypto prices (lots rode those), but the early stage companies they invested in. Someone should check....who does leaderboards for such things?"
2021-01-05 12:15:48,158,24,Well said @fredwilson ! https://t.co/J6g0uykU2V
2021-01-05 07:21:43,52,11,Interesting read: https://t.co/ve5SYUVAIr
2021-01-05 07:21:19,274,48,https://t.co/NcgBAvOqgm
2021-01-05 07:20:27,297,51,Square also opposing this regulation as ill conceived - seems to be unanimous from the industry at this point. https://t.co/vxShNNCVXP
2021-01-05 07:19:11,53,5,"AML risks here are negligible vs other methods and regs here have a high probability of harming American, including potentially losing our status as a financial hub long term.

Thoughtful regulation should have a hippocratic oath - first do no harm."
2021-01-05 07:17:48,64,6,"It's ill advised and didn't follow proper procedure. FinCEN should revisit in the new administration, engaging with industry, if it still wants to pursue something in this area. It's not even clear they should btw..."
2021-01-05 07:15:13,253,39,"Well said! Thank you @katie_haun and @a16z 

Btw, Katie is a former federal prosecutor! She would not propose challenging this in court unless she felt there was a strong case. Coinbase intends to join A16Z in challenging this in court, if it goes through. https://t.co/8O6Ayzpnbh"
2021-01-04 12:56:44,88,40,https://t.co/N86a87mdoB
2021-01-04 12:56:40,85,8,"I forgot to mention Oculus Quest 2, M1 chip from Apple, 5G rollout, self driving, synthetic meat, improvements in batteries/solar, longevity, etc etc."
2021-01-04 09:21:55,217,36,https://t.co/CxDrpKPNLz
2021-01-03 06:38:38,181,17,@zooko Thank you @zooko for everything you've done to advance crypto as well!
2021-01-01 14:24:30,153,46,"Fascinating post https://t.co/GH5YawJEgS

Explains the covid vaccines from a computer science perspective."
2021-01-01 12:22:52,558,27,Well deserved! Thank you for introducing so many people to Bitcoin https://t.co/j5iAtbrEnn
2020-12-31 17:25:50,165,27,"mRNA vaccines, Starlink, GPT-3, crypto, ISS docking, and so much more.

Progress continues!

https://t.co/K0wajxS58O"
2020-12-31 17:24:11,666,43,"Happy new year! Excited for the rest of the decade, and a repeat of the roaring 20's.

Whatever doesn't kill us makes us stronger. Despite a tough year, science and technology had so many advances that we will emerge better."
2020-12-31 17:08:34,58,3,"For example, MarkMonitor is used to secure some high value domains, CloudFlare is good. Even Google Domains. Etc."
2020-12-31 17:06:44,178,29,"Crypto companies should take precautions, using a secure dns and domain registrar service, to prevent attacks like this.

https://t.co/lA3NKO2oUC"
2020-12-29 15:12:44,421,88,"Everyone who owns crypto should start to be actively engaged on these issues.

An open crypto network is good for the world, it would be a real shame to have it's potential cut off with bad policy.

This last month has shown how much work we have to do on education/advocacy. https://t.co/wPnSfFfQjO"
2020-12-29 15:04:30,392,56,"A fable worth reading, lesson hiding in plain sight 

https://t.co/7WUP7dYZvH"
